Handle,Title,Body (HTML),Type,Tags,Status,Option1 Name,Option1 Value,Variant Inventory Qty,Image Src
mural-001,Mural #001,"<h3>Mural Specifications</h3><ul><li><strong>Total Tiles:</strong> 20 (Premium Matte Paper)</li><li><strong>Grid Layout:</strong> 4 wide x 5 high</li><li><strong>Physical Wall Size:</strong> 2'10"" wide by 4'7"" high</li></ul><p><em>Note: This listing is for visual reference. To order this design, simply write <strong>#001</strong> into your custom choice selection on our main order page.</em></p>",Mural Preview,Preview-Only,active,Title,Default Title,1,https://cdn.shopify.com/s/files/1/0885/6308/9442/files/001.jpg
mural-002,Mural #002,"<h3>Mural Specifications</h3><ul><li><strong>Total Tiles:</strong> 80 (Premium Matte Paper)</li><li><strong>Grid Layout:</strong> 16 wide x 5 high</li><li><strong>Physical Wall Size:</strong> 11'4"" wide by 4'7"" high</li></ul><p><em>Note: This listing is for visual reference. To order this design, simply write <strong>#002</strong> into your custom choice selection on our main order page.</em></p>",Mural Preview,Preview-Only,active,Title,Default Title,1,https://cdn.shopify.com/s/files/1/0885/6308/9442/files/002.jpg
mural-003,Mural #003,"<h3>Mural Specifications</h3><ul><li><strong>Total Tiles:</strong> 50 (Premium Matte Paper)</li><li><strong>Grid Layout:</strong> 10 wide x 5 high</li><li><strong>Physical Wall Size:</strong> 7'1"" wide by 4'7"" high</li></ul><p><em>Note: This listing is for visual reference. To order this design, simply write <strong>#003</strong> into your custom choice selection on our main order page.</em></p>",Mural Preview,Preview-Only,active,Title,Default Title,1,https://cdn.shopify.com/s/files/1/0885/6308/9442/files/003.jpg
mural-004,Mural #004,"<h3>Mural Specifications</h3><ul><li><strong>Total Tiles:</strong> 25 (Premium Matte Paper)</li><li><strong>Grid Layout:</strong> 5 wide x 5 high</li><li><strong>Physical Wall Size:</strong> 3'6"" wide by 4'7"" high</li></ul><p><em>Note: This listing is for visual reference. To order this design, simply write <strong>#004</strong> into your custom choice selection on our main order page.</em></p>",Mural Preview,Preview-Only,active,Title,Default Title,1,https://cdn.shopify.com/s/files/1/0885/6308/9442/files/004.jpg
mural-005,Mural #005,"<h3>Mural Specifications</h3><ul><li><strong>Total Tiles:</strong> 25 (Premium Matte Paper)</li><li><strong>Grid Layout:</strong> 5 wide x 5 high</li><li><strong>Physical Wall Size:</strong> 3'6"" wide by 4'7"" high</li></ul><p><em>Note: This listing is for visual reference. To order this design, simply write <strong>#005</strong> into your custom choice selection on our main order page.</em></p>",Mural Preview,Preview-Only,active,Title,Default Title,1,https://cdn.shopify.com/s/files/1/0885/6308/9442/files/005.jpg
mural-006,Mural #006,"<h3>Mural Specifications</h3><ul><li><strong>Total Tiles:</strong> 40 (Premium Matte Paper)</li><li><strong>Grid Layout:</strong> 8 wide x 5 high</li><li><strong>Physical Wall Size:</strong> 5'8"" wide by 4'7"" high</li></ul><p><em>Note: This listing is for visual reference. To order this design, simply write <strong>#006</strong> into your custom choice selection on our main order page.</em></p>",Mural Preview,Preview-Only,active,Title,Default Title,1,https://cdn.shopify.com/s/files/1/0885/6308/9442/files/006.jpg
mural-007,Mural #007,"<h3>Mural Specifications</h3><ul><li><strong>Total Tiles:</strong> 55 (Premium Matte Paper)</li><li><strong>Grid Layout:</strong> 11 wide x 5 high</li><li><strong>Physical Wall Size:</strong> 7'9"" wide by 4'7"" high</li></ul><p><em>Note: This listing is for visual reference. To order this design, simply write <strong>#007</strong> into your custom choice selection on our main order page.</em></p>",Mural Preview,Preview-Only,active,Title,Default Title,1,https://cdn.shopify.com/s/files/1/0885/6308/9442/files/007.jpg
mural-008,Mural #008,"<h3>Mural Specifications</h3><ul><li><strong>Total Tiles:</strong> 45 (Premium Matte Paper)</li><li><strong>Grid Layout:</strong> 9 wide x 5 high</li><li><strong>Physical Wall Size:</strong> 6'4"" wide by 4'7"" high</li></ul><p><em>Note: This listing is for visual reference. To order this design, simply write <strong>#008</strong> into your custom choice selection on our main order page.</em></p>",Mural Preview,Preview-Only,active,Title,Default Title,1,https://cdn.shopify.com/s/files/1/0885/6308/9442/files/008.jpg
mural-009,Mural #009,"<h3>Mural Specifications</h3><ul><li><strong>Total Tiles:</strong> 50 (Premium Matte Paper)</li><li><strong>Grid Layout:</strong> 10 wide x 5 high</li><li><strong>Physical Wall Size:</strong> 7'1"" wide by 4'7"" high</li></ul><p><em>Note: This listing is for visual reference. To order this design, simply write <strong>#009</strong> into your custom choice selection on our main order page.</em></p>",Mural Preview,Preview-Only,active,Title,Default Title,1,https://cdn.shopify.com/s/files/1/0885/6308/9442/files/009.jpg
mural-010,Mural #010,"<h3>Mural Specifications</h3><ul><li><strong>Total Tiles:</strong> 50 (Premium Matte Paper)</li><li><strong>Grid Layout:</strong> 10 wide x 5 high</li><li><strong>Physical Wall Size:</strong> 7'1"" wide by 4'7"" high</li></ul><p><em>Note: This listing is for visual reference. To order this design, simply write <strong>#010</strong> into your custom choice selection on our main order page.</em></p>",Mural Preview,Preview-Only,active,Title,Default Title,1,https://cdn.shopify.com/s/files/1/0885/6308/9442/files/010.jpg
mural-011,Mural #011,"<h3>Mural Specifications</h3><ul><li><strong>Total Tiles:</strong> 40 (Premium Matte Paper)</li><li><strong>Grid Layout:</strong> 8 wide x 5 high</li><li><strong>Physical Wall Size:</strong> 5'8"" wide by 4'7"" high</li></ul><p><em>Note: This listing is for visual reference. To order this design, simply write <strong>#011</strong> into your custom choice selection on our main order page.</em></p>",Mural Preview,Preview-Only,active,Title,Default Title,1,https://cdn.shopify.com/s/files/1/0885/6308/9442/files/011.jpg
mural-012,Mural #012,"<h3>Mural Specifications</h3><ul><li><strong>Total Tiles:</strong> 35 (Premium Matte Paper)</li><li><strong>Grid Layout:</strong> 7 wide x 5 high</li><li><strong>Physical Wall Size:</strong> 4'11"" wide by 4'7"" high</li></ul><p><em>Note: This listing is for visual reference. To order this design, simply write <strong>#012</strong> into your custom choice selection on our main order page.</em></p>",Mural Preview,Preview-Only,active,Title,Default Title,1,https://cdn.shopify.com/s/files/1/0885/6308/9442/files/012.jpg
mural-013,Mural #013,"<h3>Mural Specifications</h3><ul><li><strong>Total Tiles:</strong> 95 (Premium Matte Paper)</li><li><strong>Grid Layout:</strong> 19 wide x 5 high</li><li><strong>Physical Wall Size:</strong> 13'5"" wide by 4'7"" high</li></ul><p><em>Note: This listing is for visual reference. To order this design, simply write <strong>#013</strong> into your custom choice selection on our main order page.</em></p>",Mural Preview,Preview-Only,active,Title,Default Title,1,https://cdn.shopify.com/s/files/1/0885/6308/9442/files/013.jpg
mural-014,Mural #014,"<h3>Mural Specifications</h3><ul><li><strong>Total Tiles:</strong> 40 (Premium Matte Paper)</li><li><strong>Grid Layout:</strong> 8 wide x 5 high</li><li><strong>Physical Wall Size:</strong> 5'8"" wide by 4'7"" high</li></ul><p><em>Note: This listing is for visual reference. To order this design, simply write <strong>#014</strong> into your custom choice selection on our main order page.</em></p>",Mural Preview,Preview-Only,active,Title,Default Title,1,https://cdn.shopify.com/s/files/1/0885/6308/9442/files/014.jpg
mural-015,Mural #015,"<h3>Mural Specifications</h3><ul><li><strong>Total Tiles:</strong> 30 (Premium Matte Paper)</li><li><strong>Grid Layout:</strong> 6 wide x 5 high</li><li><strong>Physical Wall Size:</strong> 4'3"" wide by 4'7"" high</li></ul><p><em>Note: This listing is for visual reference. To order this design, simply write <strong>#015</strong> into your custom choice selection on our main order page.</em></p>",Mural Preview,Preview-Only,active,Title,Default Title,1,https://cdn.shopify.com/s/files/1/0885/6308/9442/files/015.jpg
mural-016,Mural #016,"<h3>Mural Specifications</h3><ul><li><strong>Total Tiles:</strong> 30 (Premium Matte Paper)</li><li><strong>Grid Layout:</strong> 6 wide x 5 high</li><li><strong>Physical Wall Size:</strong> 4'3"" wide by 4'7"" high</li></ul><p><em>Note: This listing is for visual reference. To order this design, simply write <strong>#016</strong> into your custom choice selection on our main order page.</em></p>",Mural Preview,Preview-Only,active,Title,Default Title,1,https://cdn.shopify.com/s/files/1/0885/6308/9442/files/016.jpg
mural-017,Mural #017,"<h3>Mural Specifications</h3><ul><li><strong>Total Tiles:</strong> 30 (Premium Matte Paper)</li><li><strong>Grid Layout:</strong> 6 wide x 5 high</li><li><strong>Physical Wall Size:</strong> 4'3"" wide by 4'7"" high</li></ul><p><em>Note: This listing is for visual reference. To order this design, simply write <strong>#017</strong> into your custom choice selection on our main order page.</em></p>",Mural Preview,Preview-Only,active,Title,Default Title,1,https://cdn.shopify.com/s/files/1/0885/6308/9442/files/017.jpg
mural-018,Mural #018,"<h3>Mural Specifications</h3><ul><li><strong>Total Tiles:</strong> 30 (Premium Matte Paper)</li><li><strong>Grid Layout:</strong> 6 wide x 5 high</li><li><strong>Physical Wall Size:</strong> 4'3"" wide by 4'7"" high</li></ul><p><em>Note: This listing is for visual reference. To order this design, simply write <strong>#018</strong> into your custom choice selection on our main order page.</em></p>",Mural Preview,Preview-Only,active,Title,Default Title,1,https://cdn.shopify.com/s/files/1/0885/6308/9442/files/018.jpg
mural-019,Mural #019,"<h3>Mural Specifications</h3><ul><li><strong>Total Tiles:</strong> 30 (Premium Matte Paper)</li><li><strong>Grid Layout:</strong> 6 wide x 5 high</li><li><strong>Physical Wall Size:</strong> 4'3"" wide by 4'7"" high</li></ul><p><em>Note: This listing is for visual reference. To order this design, simply write <strong>#019</strong> into your custom choice selection on our main order page.</em></p>",Mural Preview,Preview-Only,active,Title,Default Title,1,https://cdn.shopify.com/s/files/1/0885/6308/9442/files/019.jpg
mural-020,Mural #020,"<h3>Mural Specifications</h3><ul><li><strong>Total Tiles:</strong> 30 (Premium Matte Paper)</li><li><strong>Grid Layout:</strong> 6 wide x 5 high</li><li><strong>Physical Wall Size:</strong> 4'3"" wide by 4'7"" high</li></ul><p><em>Note: This listing is for visual reference. To order this design, simply write <strong>#020</strong> into your custom choice selection on our main order page.</em></p>",Mural Preview,Preview-Only,active,Title,Default Title,1,https://cdn.shopify.com/s/files/1/0885/6308/9442/files/020.jpg
mural-021,Mural #021,"<h3>Mural Specifications</h3><ul><li><strong>Total Tiles:</strong> 60 (Premium Matte Paper)</li><li><strong>Grid Layout:</strong> 12 wide x 5 high</li><li><strong>Physical Wall Size:</strong> 8'6"" wide by 4'7"" high</li></ul><p><em>Note: This listing is for visual reference. To order this design, simply write <strong>#021</strong> into your custom choice selection on our main order page.</em></p>",Mural Preview,Preview-Only,active,Title,Default Title,1,https://cdn.shopify.com/s/files/1/0885/6308/9442/files/021.jpg
mural-022,Mural #022,"<h3>Mural Specifications</h3><ul><li><strong>Total Tiles:</strong> 30 (Premium Matte Paper)</li><li><strong>Grid Layout:</strong> 6 wide x 5 high</li><li><strong>Physical Wall Size:</strong> 4'3"" wide by 4'7"" high</li></ul><p><em>Note: This listing is for visual reference. To order this design, simply write <strong>#022</strong> into your custom choice selection on our main order page.</em></p>",Mural Preview,Preview-Only,active,Title,Default Title,1,https://cdn.shopify.com/s/files/1/0885/6308/9442/files/022.jpg
mural-023,Mural #023,"<h3>Mural Specifications</h3><ul><li><strong>Total Tiles:</strong> 45 (Premium Matte Paper)</li><li><strong>Grid Layout:</strong> 9 wide x 5 high</li><li><strong>Physical Wall Size:</strong> 6'4"" wide by 4'7"" high</li></ul><p><em>Note: This listing is for visual reference. To order this design, simply write <strong>#023</strong> into your custom choice selection on our main order page.</em></p>",Mural Preview,Preview-Only,active,Title,Default Title,1,https://cdn.shopify.com/s/files/1/0885/6308/9442/files/023.jpg
mural-024,Mural #024,"<h3>Mural Specifications</h3><ul><li><strong>Total Tiles:</strong> 45 (Premium Matte Paper)</li><li><strong>Grid Layout:</strong> 9 wide x 5 high</li><li><strong>Physical Wall Size:</strong> 6'4"" wide by 4'7"" high</li></ul><p><em>Note: This listing is for visual reference. To order this design, simply write <strong>#024</strong> into your custom choice selection on our main order page.</em></p>",Mural Preview,Preview-Only,active,Title,Default Title,1,https://cdn.shopify.com/s/files/1/0885/6308/9442/files/024.jpg
mural-025,Mural #025,"<h3>Mural Specifications</h3><ul><li><strong>Total Tiles:</strong> 40 (Premium Matte Paper)</li><li><strong>Grid Layout:</strong> 8 wide x 5 high</li><li><strong>Physical Wall Size:</strong> 5'8"" wide by 4'7"" high</li></ul><p><em>Note: This listing is for visual reference. To order this design, simply write <strong>#025</strong> into your custom choice selection on our main order page.</em></p>",Mural Preview,Preview-Only,active,Title,Default Title,1,https://cdn.shopify.com/s/files/1/0885/6308/9442/files/025.jpg
mural-027,Mural #027,"<h3>Mural Specifications</h3><ul><li><strong>Total Tiles:</strong> 65 (Premium Matte Paper)</li><li><strong>Grid Layout:</strong> 13 wide x 5 high</li><li><strong>Physical Wall Size:</strong> 9'2"" wide by 4'7"" high</li></ul><p><em>Note: This listing is for visual reference. To order this design, simply write <strong>#027</strong> into your custom choice selection on our main order page.</em></p>",Mural Preview,Preview-Only,active,Title,Default Title,1,https://cdn.shopify.com/s/files/1/0885/6308/9442/files/027.jpg
mural-028,Mural #028,"<h3>Mural Specifications</h3><ul><li><strong>Total Tiles:</strong> 30 (Premium Matte Paper)</li><li><strong>Grid Layout:</strong> 6 wide x 5 high</li><li><strong>Physical Wall Size:</strong> 4'3"" wide by 4'7"" high</li></ul><p><em>Note: This listing is for visual reference. To order this design, simply write <strong>#028</strong> into your custom choice selection on our main order page.</em></p>",Mural Preview,Preview-Only,active,Title,Default Title,1,https://cdn.shopify.com/s/files/1/0885/6308/9442/files/028.jpg
mural-029,Mural #029,"<h3>Mural Specifications</h3><ul><li><strong>Total Tiles:</strong> 30 (Premium Matte Paper)</li><li><strong>Grid Layout:</strong> 6 wide x 5 high</li><li><strong>Physical Wall Size:</strong> 4'3"" wide by 4'7"" high</li></ul><p><em>Note: This listing is for visual reference. To order this design, simply write <strong>#029</strong> into your custom choice selection on our main order page.</em></p>",Mural Preview,Preview-Only,active,Title,Default Title,1,https://cdn.shopify.com/s/files/1/0885/6308/9442/files/029.jpg
mural-030,Mural #030,"<h3>Mural Specifications</h3><ul><li><strong>Total Tiles:</strong> 40 (Premium Matte Paper)</li><li><strong>Grid Layout:</strong> 8 wide x 5 high</li><li><strong>Physical Wall Size:</strong> 5'8"" wide by 4'7"" high</li></ul><p><em>Note: This listing is for visual reference. To order this design, simply write <strong>#030</strong> into your custom choice selection on our main order page.</em></p>",Mural Preview,Preview-Only,active,Title,Default Title,1,https://cdn.shopify.com/s/files/1/0885/6308/9442/files/030.jpg
mural-031,Mural #031,"<h3>Mural Specifications</h3><ul><li><strong>Total Tiles:</strong> 40 (Premium Matte Paper)</li><li><strong>Grid Layout:</strong> 8 wide x 5 high</li><li><strong>Physical Wall Size:</strong> 5'8"" wide by 4'7"" high</li></ul><p><em>Note: This listing is for visual reference. To order this design, simply write <strong>#031</strong> into your custom choice selection on our main order page.</em></p>",Mural Preview,Preview-Only,active,Title,Default Title,1,https://cdn.shopify.com/s/files/1/0885/6308/9442/files/031.jpg
mural-032,Mural #032,"<h3>Mural Specifications</h3><ul><li><strong>Total Tiles:</strong> 45 (Premium Matte Paper)</li><li><strong>Grid Layout:</strong> 9 wide x 5 high</li><li><strong>Physical Wall Size:</strong> 6'4"" wide by 4'7"" high</li></ul><p><em>Note: This listing is for visual reference. To order this design, simply write <strong>#032</strong> into your custom choice selection on our main order page.</em></p>",Mural Preview,Preview-Only,active,Title,Default Title,1,https://cdn.shopify.com/s/files/1/0885/6308/9442/files/032.jpg
mural-033,Mural #033,"<h3>Mural Specifications</h3><ul><li><strong>Total Tiles:</strong> 50 (Premium Matte Paper)</li><li><strong>Grid Layout:</strong> 10 wide x 5 high</li><li><strong>Physical Wall Size:</strong> 7'1"" wide by 4'7"" high</li></ul><p><em>Note: This listing is for visual reference. To order this design, simply write <strong>#033</strong> into your custom choice selection on our main order page.</em></p>",Mural Preview,Preview-Only,active,Title,Default Title,1,https://cdn.shopify.com/s/files/1/0885/6308/9442/files/033.jpg
mural-034,Mural #034,"<h3>Mural Specifications</h3><ul><li><strong>Total Tiles:</strong> 50 (Premium Matte Paper)</li><li><strong>Grid Layout:</strong> 10 wide x 5 high</li><li><strong>Physical Wall Size:</strong> 7'1"" wide by 4'7"" high</li></ul><p><em>Note: This listing is for visual reference. To order this design, simply write <strong>#034</strong> into your custom choice selection on our main order page.</em></p>",Mural Preview,Preview-Only,active,Title,Default Title,1,https://cdn.shopify.com/s/files/1/0885/6308/9442/files/034.jpg
mural-035,Mural #035,"<h3>Mural Specifications</h3><ul><li><strong>Total Tiles:</strong> 50 (Premium Matte Paper)</li><li><strong>Grid Layout:</strong> 10 wide x 5 high</li><li><strong>Physical Wall Size:</strong> 7'1"" wide by 4'7"" high</li></ul><p><em>Note: This listing is for visual reference. To order this design, simply write <strong>#035</strong> into your custom choice selection on our main order page.</em></p>",Mural Preview,Preview-Only,active,Title,Default Title,1,https://cdn.shopify.com/s/files/1/0885/6308/9442/files/035.jpg
mural-036,Mural #036,"<h3>Mural Specifications</h3><ul><li><strong>Total Tiles:</strong> 50 (Premium Matte Paper)</li><li><strong>Grid Layout:</strong> 10 wide x 5 high</li><li><strong>Physical Wall Size:</strong> 7'1"" wide by 4'7"" high</li></ul><p><em>Note: This listing is for visual reference. To order this design, simply write <strong>#036</strong> into your custom choice selection on our main order page.</em></p>",Mural Preview,Preview-Only,active,Title,Default Title,1,https://cdn.shopify.com/s/files/1/0885/6308/9442/files/036.jpg
mural-037,Mural #037,"<h3>Mural Specifications</h3><ul><li><strong>Total Tiles:</strong> 40 (Premium Matte Paper)</li><li><strong>Grid Layout:</strong> 8 wide x 5 high</li><li><strong>Physical Wall Size:</strong> 5'8"" wide by 4'7"" high</li></ul><p><em>Note: This listing is for visual reference. To order this design, simply write <strong>#037</strong> into your custom choice selection on our main order page.</em></p>",Mural Preview,Preview-Only,active,Title,Default Title,1,https://cdn.shopify.com/s/files/1/0885/6308/9442/files/037.jpg
mural-038,Mural #038,"<h3>Mural Specifications</h3><ul><li><strong>Total Tiles:</strong> 15 (Premium Matte Paper)</li><li><strong>Grid Layout:</strong> 3 wide x 5 high</li><li><strong>Physical Wall Size:</strong> 2'1"" wide by 4'7"" high</li></ul><p><em>Note: This listing is for visual reference. To order this design, simply write <strong>#038</strong> into your custom choice selection on our main order page.</em></p>",Mural Preview,Preview-Only,active,Title,Default Title,1,https://cdn.shopify.com/s/files/1/0885/6308/9442/files/038.jpg
mural-039,Mural #039,"<h3>Mural Specifications</h3><ul><li><strong>Total Tiles:</strong> 60 (Premium Matte Paper)</li><li><strong>Grid Layout:</strong> 12 wide x 5 high</li><li><strong>Physical Wall Size:</strong> 8'6"" wide by 4'7"" high</li></ul><p><em>Note: This listing is for visual reference. To order this design, simply write <strong>#039</strong> into your custom choice selection on our main order page.</em></p>",Mural Preview,Preview-Only,active,Title,Default Title,1,https://cdn.shopify.com/s/files/1/0885/6308/9442/files/039.jpg
mural-040,Mural #040,"<h3>Mural Specifications</h3><ul><li><strong>Total Tiles:</strong> 50 (Premium Matte Paper)</li><li><strong>Grid Layout:</strong> 10 wide x 5 high</li><li><strong>Physical Wall Size:</strong> 7'1"" wide by 4'7"" high</li></ul><p><em>Note: This listing is for visual reference. To order this design, simply write <strong>#040</strong> into your custom choice selection on our main order page.</em></p>",Mural Preview,Preview-Only,active,Title,Default Title,1,https://cdn.shopify.com/s/files/1/0885/6308/9442/files/040.jpg
mural-041,Mural #041,"<h3>Mural Specifications</h3><ul><li><strong>Total Tiles:</strong> 50 (Premium Matte Paper)</li><li><strong>Grid Layout:</strong> 10 wide x 5 high</li><li><strong>Physical Wall Size:</strong> 7'1"" wide by 4'7"" high</li></ul><p><em>Note: This listing is for visual reference. To order this design, simply write <strong>#041</strong> into your custom choice selection on our main order page.</em></p>",Mural Preview,Preview-Only,active,Title,Default Title,1,https://cdn.shopify.com/s/files/1/0885/6308/9442/files/041.jpg
mural-042,Mural #042,"<h3>Mural Specifications</h3><ul><li><strong>Total Tiles:</strong> 50 (Premium Matte Paper)</li><li><strong>Grid Layout:</strong> 10 wide x 5 high</li><li><strong>Physical Wall Size:</strong> 7'1"" wide by 4'7"" high</li></ul><p><em>Note: This listing is for visual reference. To order this design, simply write <strong>#042</strong> into your custom choice selection on our main order page.</em></p>",Mural Preview,Preview-Only,active,Title,Default Title,1,https://cdn.shopify.com/s/files/1/0885/6308/9442/files/042.jpg
mural-043,Mural #043,"<h3>Mural Specifications</h3><ul><li><strong>Total Tiles:</strong> 50 (Premium Matte Paper)</li><li><strong>Grid Layout:</strong> 10 wide x 5 high</li><li><strong>Physical Wall Size:</strong> 7'1"" wide by 4'7"" high</li></ul><p><em>Note: This listing is for visual reference. To order this design, simply write <strong>#043</strong> into your custom choice selection on our main order page.</em></p>",Mural Preview,Preview-Only,active,Title,Default Title,1,https://cdn.shopify.com/s/files/1/0885/6308/9442/files/043.jpg
mural-044,Mural #044,"<h3>Mural Specifications</h3><ul><li><strong>Total Tiles:</strong> 50 (Premium Matte Paper)</li><li><strong>Grid Layout:</strong> 10 wide x 5 high</li><li><strong>Physical Wall Size:</strong> 7'1"" wide by 4'7"" high</li></ul><p><em>Note: This listing is for visual reference. To order this design, simply write <strong>#044</strong> into your custom choice selection on our main order page.</em></p>",Mural Preview,Preview-Only,active,Title,Default Title,1,https://cdn.shopify.com/s/files/1/0885/6308/9442/files/044.jpg
mural-045,Mural #045,"<h3>Mural Specifications</h3><ul><li><strong>Total Tiles:</strong> 60 (Premium Matte Paper)</li><li><strong>Grid Layout:</strong> 12 wide x 5 high</li><li><strong>Physical Wall Size:</strong> 8'6"" wide by 4'7"" high</li></ul><p><em>Note: This listing is for visual reference. To order this design, simply write <strong>#045</strong> into your custom choice selection on our main order page.</em></p>",Mural Preview,Preview-Only,active,Title,Default Title,1,https://cdn.shopify.com/s/files/1/0885/6308/9442/files/045.jpg
mural-046,Mural #046,"<h3>Mural Specifications</h3><ul><li><strong>Total Tiles:</strong> 50 (Premium Matte Paper)</li><li><strong>Grid Layout:</strong> 10 wide x 5 high</li><li><strong>Physical Wall Size:</strong> 7'1"" wide by 4'7"" high</li></ul><p><em>Note: This listing is for visual reference. To order this design, simply write <strong>#046</strong> into your custom choice selection on our main order page.</em></p>",Mural Preview,Preview-Only,active,Title,Default Title,1,https://cdn.shopify.com/s/files/1/0885/6308/9442/files/046.jpg
mural-047,Mural #047,"<h3>Mural Specifications</h3><ul><li><strong>Total Tiles:</strong> 50 (Premium Matte Paper)</li><li><strong>Grid Layout:</strong> 10 wide x 5 high</li><li><strong>Physical Wall Size:</strong> 7'1"" wide by 4'7"" high</li></ul><p><em>Note: This listing is for visual reference. To order this design, simply write <strong>#047</strong> into your custom choice selection on our main order page.</em></p>",Mural Preview,Preview-Only,active,Title,Default Title,1,https://cdn.shopify.com/s/files/1/0885/6308/9442/files/047.jpg
mural-048,Mural #048,"<h3>Mural Specifications</h3><ul><li><strong>Total Tiles:</strong> 50 (Premium Matte Paper)</li><li><strong>Grid Layout:</strong> 10 wide x 5 high</li><li><strong>Physical Wall Size:</strong> 7'1"" wide by 4'7"" high</li></ul><p><em>Note: This listing is for visual reference. To order this design, simply write <strong>#048</strong> into your custom choice selection on our main order page.</em></p>",Mural Preview,Preview-Only,active,Title,Default Title,1,https://cdn.shopify.com/s/files/1/0885/6308/9442/files/048.jpg
mural-049,Mural #049,"<h3>Mural Specifications</h3><ul><li><strong>Total Tiles:</strong> 120 (Premium Matte Paper)</li><li><strong>Grid Layout:</strong> 24 wide x 5 high</li><li><strong>Physical Wall Size:</strong> 17' wide by 4'7"" high</li></ul><p><em>Note: This listing is for visual reference. To order this design, simply write <strong>#049</strong> into your custom choice selection on our main order page.</em></p>",Mural Preview,Preview-Only,active,Title,Default Title,1,https://cdn.shopify.com/s/files/1/0885/6308/9442/files/049.jpg
mural-050,Mural #050,"<h3>Mural Specifications</h3><ul><li><strong>Total Tiles:</strong> 50 (Premium Matte Paper)</li><li><strong>Grid Layout:</strong> 10 wide x 5 high</li><li><strong>Physical Wall Size:</strong> 7'1"" wide by 4'7"" high</li></ul><p><em>Note: This listing is for visual reference. To order this design, simply write <strong>#050</strong> into your custom choice selection on our main order page.</em></p>",Mural Preview,Preview-Only,active,Title,Default Title,1,https://cdn.shopify.com/s/files/1/0885/6308/9442/files/050.jpg
mural-051,Mural #051,"<h3>Mural Specifications</h3><ul><li><strong>Total Tiles:</strong> 60 (Premium Matte Paper)</li><li><strong>Grid Layout:</strong> 12 wide x 5 high</li><li><strong>Physical Wall Size:</strong> 8'6"" wide by 4'7"" high</li></ul><p><em>Note: This listing is for visual reference. To order this design, simply write <strong>#051</strong> into your custom choice selection on our main order page.</em></p>",Mural Preview,Preview-Only,active,Title,Default Title,1,https://cdn.shopify.com/s/files/1/0885/6308/9442/files/051.jpg
mural-052,Mural #052,"<h3>Mural Specifications</h3><ul><li><strong>Total Tiles:</strong> 50 (Premium Matte Paper)</li><li><strong>Grid Layout:</strong> 10 wide x 5 high</li><li><strong>Physical Wall Size:</strong> 7'1"" wide by 4'7"" high</li></ul><p><em>Note: This listing is for visual reference. To order this design, simply write <strong>#052</strong> into your custom choice selection on our main order page.</em></p>",Mural Preview,Preview-Only,active,Title,Default Title,1,https://cdn.shopify.com/s/files/1/0885/6308/9442/files/052.jpg
mural-053,Mural #053,"<h3>Mural Specifications</h3><ul><li><strong>Total Tiles:</strong> 50 (Premium Matte Paper)</li><li><strong>Grid Layout:</strong> 10 wide x 5 high</li><li><strong>Physical Wall Size:</strong> 7'1"" wide by 4'7"" high</li></ul><p><em>Note: This listing is for visual reference. To order this design, simply write <strong>#053</strong> into your custom choice selection on our main order page.</em></p>",Mural Preview,Preview-Only,active,Title,Default Title,1,https://cdn.shopify.com/s/files/1/0885/6308/9442/files/053.jpg
mural-054,Mural #054,"<h3>Mural Specifications</h3><ul><li><strong>Total Tiles:</strong> 50 (Premium Matte Paper)</li><li><strong>Grid Layout:</strong> 10 wide x 5 high</li><li><strong>Physical Wall Size:</strong> 7'1"" wide by 4'7"" high</li></ul><p><em>Note: This listing is for visual reference. To order this design, simply write <strong>#054</strong> into your custom choice selection on our main order page.</em></p>",Mural Preview,Preview-Only,active,Title,Default Title,1,https://cdn.shopify.com/s/files/1/0885/6308/9442/files/054.jpg
mural-055,Mural #055,"<h3>Mural Specifications</h3><ul><li><strong>Total Tiles:</strong> 60 (Premium Matte Paper)</li><li><strong>Grid Layout:</strong> 12 wide x 5 high</li><li><strong>Physical Wall Size:</strong> 8'6"" wide by 4'7"" high</li></ul><p><em>Note: This listing is for visual reference. To order this design, simply write <strong>#055</strong> into your custom choice selection on our main order page.</em></p>",Mural Preview,Preview-Only,active,Title,Default Title,1,https://cdn.shopify.com/s/files/1/0885/6308/9442/files/055.jpg
mural-056,Mural #056,"<h3>Mural Specifications</h3><ul><li><strong>Total Tiles:</strong> 50 (Premium Matte Paper)</li><li><strong>Grid Layout:</strong> 10 wide x 5 high</li><li><strong>Physical Wall Size:</strong> 7'1"" wide by 4'7"" high</li></ul><p><em>Note: This listing is for visual reference. To order this design, simply write <strong>#056</strong> into your custom choice selection on our main order page.</em></p>",Mural Preview,Preview-Only,active,Title,Default Title,1,https://cdn.shopify.com/s/files/1/0885/6308/9442/files/056.jpg
mural-057,Mural #057,"<h3>Mural Specifications</h3><ul><li><strong>Total Tiles:</strong> 60 (Premium Matte Paper)</li><li><strong>Grid Layout:</strong> 12 wide x 5 high</li><li><strong>Physical Wall Size:</strong> 8'6"" wide by 4'7"" high</li></ul><p><em>Note: This listing is for visual reference. To order this design, simply write <strong>#057</strong> into your custom choice selection on our main order page.</em></p>",Mural Preview,Preview-Only,active,Title,Default Title,1,https://cdn.shopify.com/s/files/1/0885/6308/9442/files/057.jpg
mural-058,Mural #058,"<h3>Mural Specifications</h3><ul><li><strong>Total Tiles:</strong> 45 (Premium Matte Paper)</li><li><strong>Grid Layout:</strong> 9 wide x 5 high</li><li><strong>Physical Wall Size:</strong> 6'4"" wide by 4'7"" high</li></ul><p><em>Note: This listing is for visual reference. To order this design, simply write <strong>#058</strong> into your custom choice selection on our main order page.</em></p>",Mural Preview,Preview-Only,active,Title,Default Title,1,https://cdn.shopify.com/s/files/1/0885/6308/9442/files/058.jpg
mural-059,Mural #059,"<h3>Mural Specifications</h3><ul><li><strong>Total Tiles:</strong> 50 (Premium Matte Paper)</li><li><strong>Grid Layout:</strong> 10 wide x 5 high</li><li><strong>Physical Wall Size:</strong> 7'1"" wide by 4'7"" high</li></ul><p><em>Note: This listing is for visual reference. To order this design, simply write <strong>#059</strong> into your custom choice selection on our main order page.</em></p>",Mural Preview,Preview-Only,active,Title,Default Title,1,https://cdn.shopify.com/s/files/1/0885/6308/9442/files/059.jpg
mural-060,Mural #060,"<h3>Mural Specifications</h3><ul><li><strong>Total Tiles:</strong> 45 (Premium Matte Paper)</li><li><strong>Grid Layout:</strong> 9 wide x 5 high</li><li><strong>Physical Wall Size:</strong> 6'4"" wide by 4'7"" high</li></ul><p><em>Note: This listing is for visual reference. To order this design, simply write <strong>#060</strong> into your custom choice selection on our main order page.</em></p>",Mural Preview,Preview-Only,active,Title,Default Title,1,https://cdn.shopify.com/s/files/1/0885/6308/9442/files/060.jpg
mural-061,Mural #061,"<h3>Mural Specifications</h3><ul><li><strong>Total Tiles:</strong> 50 (Premium Matte Paper)</li><li><strong>Grid Layout:</strong> 10 wide x 5 high</li><li><strong>Physical Wall Size:</strong> 7'1"" wide by 4'7"" high</li></ul><p><em>Note: This listing is for visual reference. To order this design, simply write <strong>#061</strong> into your custom choice selection on our main order page.</em></p>",Mural Preview,Preview-Only,active,Title,Default Title,1,https://cdn.shopify.com/s/files/1/0885/6308/9442/files/061.jpg
mural-062,Mural #062,"<h3>Mural Specifications</h3><ul><li><strong>Total Tiles:</strong> 40 (Premium Matte Paper)</li><li><strong>Grid Layout:</strong> 8 wide x 5 high</li><li><strong>Physical Wall Size:</strong> 5'8"" wide by 4'7"" high</li></ul><p><em>Note: This listing is for visual reference. To order this design, simply write <strong>#062</strong> into your custom choice selection on our main order page.</em></p>",Mural Preview,Preview-Only,active,Title,Default Title,1,https://cdn.shopify.com/s/files/1/0885/6308/9442/files/062.jpg
mural-063,Mural #063,"<h3>Mural Specifications</h3><ul><li><strong>Total Tiles:</strong> 50 (Premium Matte Paper)</li><li><strong>Grid Layout:</strong> 10 wide x 5 high</li><li><strong>Physical Wall Size:</strong> 7'1"" wide by 4'7"" high</li></ul><p><em>Note: This listing is for visual reference. To order this design, simply write <strong>#063</strong> into your custom choice selection on our main order page.</em></p>",Mural Preview,Preview-Only,active,Title,Default Title,1,https://cdn.shopify.com/s/files/1/0885/6308/9442/files/063.jpg
mural-064,Mural #064,"<h3>Mural Specifications</h3><ul><li><strong>Total Tiles:</strong> 50 (Premium Matte Paper)</li><li><strong>Grid Layout:</strong> 10 wide x 5 high</li><li><strong>Physical Wall Size:</strong> 7'1"" wide by 4'7"" high</li></ul><p><em>Note: This listing is for visual reference. To order this design, simply write <strong>#064</strong> into your custom choice selection on our main order page.</em></p>",Mural Preview,Preview-Only,active,Title,Default Title,1,https://cdn.shopify.com/s/files/1/0885/6308/9442/files/064.jpg
mural-065,Mural #065,"<h3>Mural Specifications</h3><ul><li><strong>Total Tiles:</strong> 50 (Premium Matte Paper)</li><li><strong>Grid Layout:</strong> 10 wide x 5 high</li><li><strong>Physical Wall Size:</strong> 7'1"" wide by 4'7"" high</li></ul><p><em>Note: This listing is for visual reference. To order this design, simply write <strong>#065</strong> into your custom choice selection on our main order page.</em></p>",Mural Preview,Preview-Only,active,Title,Default Title,1,https://cdn.shopify.com/s/files/1/0885/6308/9442/files/065.jpg
mural-066,Mural #066,"<h3>Mural Specifications</h3><ul><li><strong>Total Tiles:</strong> 60 (Premium Matte Paper)</li><li><strong>Grid Layout:</strong> 12 wide x 5 high</li><li><strong>Physical Wall Size:</strong> 8'6"" wide by 4'7"" high</li></ul><p><em>Note: This listing is for visual reference. To order this design, simply write <strong>#066</strong> into your custom choice selection on our main order page.</em></p>",Mural Preview,Preview-Only,active,Title,Default Title,1,https://cdn.shopify.com/s/files/1/0885/6308/9442/files/066.jpg
mural-067,Mural #067,"<h3>Mural Specifications</h3><ul><li><strong>Total Tiles:</strong> 50 (Premium Matte Paper)</li><li><strong>Grid Layout:</strong> 10 wide x 5 high</li><li><strong>Physical Wall Size:</strong> 7'1"" wide by 4'7"" high</li></ul><p><em>Note: This listing is for visual reference. To order this design, simply write <strong>#067</strong> into your custom choice selection on our main order page.</em></p>",Mural Preview,Preview-Only,active,Title,Default Title,1,https://cdn.shopify.com/s/files/1/0885/6308/9442/files/067.jpg
mural-068,Mural #068,"<h3>Mural Specifications</h3><ul><li><strong>Total Tiles:</strong> 100 (Premium Matte Paper)</li><li><strong>Grid Layout:</strong> 20 wide x 5 high</li><li><strong>Physical Wall Size:</strong> 14'2"" wide by 4'7"" high</li></ul><p><em>Note: This listing is for visual reference. To order this design, simply write <strong>#068</strong> into your custom choice selection on our main order page.</em></p>",Mural Preview,Preview-Only,active,Title,Default Title,1,https://cdn.shopify.com/s/files/1/0885/6308/9442/files/068.jpg
mural-069,Mural #069,"<h3>Mural Specifications</h3><ul><li><strong>Total Tiles:</strong> 160 (Premium Matte Paper)</li><li><strong>Grid Layout:</strong> 32 wide x 5 high</li><li><strong>Physical Wall Size:</strong> 22'8"" wide by 4'7"" high</li></ul><p><em>Note: This listing is for visual reference. To order this design, simply write <strong>#069</strong> into your custom choice selection on our main order page.</em></p>",Mural Preview,Preview-Only,active,Title,Default Title,1,https://cdn.shopify.com/s/files/1/0885/6308/9442/files/069.jpg
mural-070,Mural #070,"<h3>Mural Specifications</h3><ul><li><strong>Total Tiles:</strong> 60 (Premium Matte Paper)</li><li><strong>Grid Layout:</strong> 12 wide x 5 high</li><li><strong>Physical Wall Size:</strong> 8'6"" wide by 4'7"" high</li></ul><p><em>Note: This listing is for visual reference. To order this design, simply write <strong>#070</strong> into your custom choice selection on our main order page.</em></p>",Mural Preview,Preview-Only,active,Title,Default Title,1,https://cdn.shopify.com/s/files/1/0885/6308/9442/files/070.jpg
mural-071,Mural #071,"<h3>Mural Specifications</h3><ul><li><strong>Total Tiles:</strong> 95 (Premium Matte Paper)</li><li><strong>Grid Layout:</strong> 19 wide x 5 high</li><li><strong>Physical Wall Size:</strong> 13'5"" wide by 4'7"" high</li></ul><p><em>Note: This listing is for visual reference. To order this design, simply write <strong>#071</strong> into your custom choice selection on our main order page.</em></p>",Mural Preview,Preview-Only,active,Title,Default Title,1,https://cdn.shopify.com/s/files/1/0885/6308/9442/files/071.jpg
mural-072,Mural #072,"<h3>Mural Specifications</h3><ul><li><strong>Total Tiles:</strong> 95 (Premium Matte Paper)</li><li><strong>Grid Layout:</strong> 19 wide x 5 high</li><li><strong>Physical Wall Size:</strong> 13'5"" wide by 4'7"" high</li></ul><p><em>Note: This listing is for visual reference. To order this design, simply write <strong>#072</strong> into your custom choice selection on our main order page.</em></p>",Mural Preview,Preview-Only,active,Title,Default Title,1,https://cdn.shopify.com/s/files/1/0885/6308/9442/files/072.jpg
mural-073,Mural #073,"<h3>Mural Specifications</h3><ul><li><strong>Total Tiles:</strong> 50 (Premium Matte Paper)</li><li><strong>Grid Layout:</strong> 10 wide x 5 high</li><li><strong>Physical Wall Size:</strong> 7'1"" wide by 4'7"" high</li></ul><p><em>Note: This listing is for visual reference. To order this design, simply write <strong>#073</strong> into your custom choice selection on our main order page.</em></p>",Mural Preview,Preview-Only,active,Title,Default Title,1,https://cdn.shopify.com/s/files/1/0885/6308/9442/files/073.jpg
mural-074,Mural #074,"<h3>Mural Specifications</h3><ul><li><strong>Total Tiles:</strong> 50 (Premium Matte Paper)</li><li><strong>Grid Layout:</strong> 10 wide x 5 high</li><li><strong>Physical Wall Size:</strong> 7'1"" wide by 4'7"" high</li></ul><p><em>Note: This listing is for visual reference. To order this design, simply write <strong>#074</strong> into your custom choice selection on our main order page.</em></p>",Mural Preview,Preview-Only,active,Title,Default Title,1,https://cdn.shopify.com/s/files/1/0885/6308/9442/files/074.jpg
mural-075,Mural #075,"<h3>Mural Specifications</h3><ul><li><strong>Total Tiles:</strong> 50 (Premium Matte Paper)</li><li><strong>Grid Layout:</strong> 10 wide x 5 high</li><li><strong>Physical Wall Size:</strong> 7'1"" wide by 4'7"" high</li></ul><p><em>Note: This listing is for visual reference. To order this design, simply write <strong>#075</strong> into your custom choice selection on our main order page.</em></p>",Mural Preview,Preview-Only,active,Title,Default Title,1,https://cdn.shopify.com/s/files/1/0885/6308/9442/files/075.jpg
mural-076,Mural #076,"<h3>Mural Specifications</h3><ul><li><strong>Total Tiles:</strong> 100 (Premium Matte Paper)</li><li><strong>Grid Layout:</strong> 20 wide x 5 high</li><li><strong>Physical Wall Size:</strong> 14'2"" wide by 4'7"" high</li></ul><p><em>Note: This listing is for visual reference. To order this design, simply write <strong>#076</strong> into your custom choice selection on our main order page.</em></p>",Mural Preview,Preview-Only,active,Title,Default Title,1,https://cdn.shopify.com/s/files/1/0885/6308/9442/files/076.jpg
mural-077,Mural #077,"<h3>Mural Specifications</h3><ul><li><strong>Total Tiles:</strong> 75 (Premium Matte Paper)</li><li><strong>Grid Layout:</strong> 15 wide x 5 high</li><li><strong>Physical Wall Size:</strong> 10'7"" wide by 4'7"" high</li></ul><p><em>Note: This listing is for visual reference. To order this design, simply write <strong>#077</strong> into your custom choice selection on our main order page.</em></p>",Mural Preview,Preview-Only,active,Title,Default Title,1,https://cdn.shopify.com/s/files/1/0885/6308/9442/files/077.jpg
mural-078,Mural #078,"<h3>Mural Specifications</h3><ul><li><strong>Total Tiles:</strong> 45 (Premium Matte Paper)</li><li><strong>Grid Layout:</strong> 9 wide x 5 high</li><li><strong>Physical Wall Size:</strong> 6'4"" wide by 4'7"" high</li></ul><p><em>Note: This listing is for visual reference. To order this design, simply write <strong>#078</strong> into your custom choice selection on our main order page.</em></p>",Mural Preview,Preview-Only,active,Title,Default Title,1,https://cdn.shopify.com/s/files/1/0885/6308/9442/files/078.jpg
mural-079,Mural #079,"<h3>Mural Specifications</h3><ul><li><strong>Total Tiles:</strong> 80 (Premium Matte Paper)</li><li><strong>Grid Layout:</strong> 16 wide x 5 high</li><li><strong>Physical Wall Size:</strong> 11'4"" wide by 4'7"" high</li></ul><p><em>Note: This listing is for visual reference. To order this design, simply write <strong>#079</strong> into your custom choice selection on our main order page.</em></p>",Mural Preview,Preview-Only,active,Title,Default Title,1,https://cdn.shopify.com/s/files/1/0885/6308/9442/files/079.jpg
mural-080,Mural #080,"<h3>Mural Specifications</h3><ul><li><strong>Total Tiles:</strong> 50 (Premium Matte Paper)</li><li><strong>Grid Layout:</strong> 10 wide x 5 high</li><li><strong>Physical Wall Size:</strong> 7'1"" wide by 4'7"" high</li></ul><p><em>Note: This listing is for visual reference. To order this design, simply write <strong>#080</strong> into your custom choice selection on our main order page.</em></p>",Mural Preview,Preview-Only,active,Title,Default Title,1,https://cdn.shopify.com/s/files/1/0885/6308/9442/files/080.jpg
mural-081,Mural #081,"<h3>Mural Specifications</h3><ul><li><strong>Total Tiles:</strong> 50 (Premium Matte Paper)</li><li><strong>Grid Layout:</strong> 10 wide x 5 high</li><li><strong>Physical Wall Size:</strong> 7'1"" wide by 4'7"" high</li></ul><p><em>Note: This listing is for visual reference. To order this design, simply write <strong>#081</strong> into your custom choice selection on our main order page.</em></p>",Mural Preview,Preview-Only,active,Title,Default Title,1,https://cdn.shopify.com/s/files/1/0885/6308/9442/files/081.jpg
mural-082,Mural #082,"<h3>Mural Specifications</h3><ul><li><strong>Total Tiles:</strong> 50 (Premium Matte Paper)</li><li><strong>Grid Layout:</strong> 10 wide x 5 high</li><li><strong>Physical Wall Size:</strong> 7'1"" wide by 4'7"" high</li></ul><p><em>Note: This listing is for visual reference. To order this design, simply write <strong>#082</strong> into your custom choice selection on our main order page.</em></p>",Mural Preview,Preview-Only,active,Title,Default Title,1,https://cdn.shopify.com/s/files/1/0885/6308/9442/files/082.jpg
mural-083,Mural #083,"<h3>Mural Specifications</h3><ul><li><strong>Total Tiles:</strong> 50 (Premium Matte Paper)</li><li><strong>Grid Layout:</strong> 10 wide x 5 high</li><li><strong>Physical Wall Size:</strong> 7'1"" wide by 4'7"" high</li></ul><p><em>Note: This listing is for visual reference. To order this design, simply write <strong>#083</strong> into your custom choice selection on our main order page.</em></p>",Mural Preview,Preview-Only,active,Title,Default Title,1,https://cdn.shopify.com/s/files/1/0885/6308/9442/files/083.jpg
mural-084,Mural #084,"<h3>Mural Specifications</h3><ul><li><strong>Total Tiles:</strong> 65 (Premium Matte Paper)</li><li><strong>Grid Layout:</strong> 13 wide x 5 high</li><li><strong>Physical Wall Size:</strong> 9'2"" wide by 4'7"" high</li></ul><p><em>Note: This listing is for visual reference. To order this design, simply write <strong>#084</strong> into your custom choice selection on our main order page.</em></p>",Mural Preview,Preview-Only,active,Title,Default Title,1,https://cdn.shopify.com/s/files/1/0885/6308/9442/files/084.jpg
mural-085,Mural #085,"<h3>Mural Specifications</h3><ul><li><strong>Total Tiles:</strong> 30 (Premium Matte Paper)</li><li><strong>Grid Layout:</strong> 6 wide x 5 high</li><li><strong>Physical Wall Size:</strong> 4'3"" wide by 4'7"" high</li></ul><p><em>Note: This listing is for visual reference. To order this design, simply write <strong>#085</strong> into your custom choice selection on our main order page.</em></p>",Mural Preview,Preview-Only,active,Title,Default Title,1,https://cdn.shopify.com/s/files/1/0885/6308/9442/files/085.jpg
mural-086,Mural #086,"<h3>Mural Specifications</h3><ul><li><strong>Total Tiles:</strong> 40 (Premium Matte Paper)</li><li><strong>Grid Layout:</strong> 8 wide x 5 high</li><li><strong>Physical Wall Size:</strong> 5'8"" wide by 4'7"" high</li></ul><p><em>Note: This listing is for visual reference. To order this design, simply write <strong>#086</strong> into your custom choice selection on our main order page.</em></p>",Mural Preview,Preview-Only,active,Title,Default Title,1,https://cdn.shopify.com/s/files/1/0885/6308/9442/files/086.jpg
mural-087,Mural #087,"<h3>Mural Specifications</h3><ul><li><strong>Total Tiles:</strong> 50 (Premium Matte Paper)</li><li><strong>Grid Layout:</strong> 10 wide x 5 high</li><li><strong>Physical Wall Size:</strong> 7'1"" wide by 4'7"" high</li></ul><p><em>Note: This listing is for visual reference. To order this design, simply write <strong>#087</strong> into your custom choice selection on our main order page.</em></p>",Mural Preview,Preview-Only,active,Title,Default Title,1,https://cdn.shopify.com/s/files/1/0885/6308/9442/files/087.jpg
mural-088,Mural #088,"<h3>Mural Specifications</h3><ul><li><strong>Total Tiles:</strong> 50 (Premium Matte Paper)</li><li><strong>Grid Layout:</strong> 10 wide x 5 high</li><li><strong>Physical Wall Size:</strong> 7'1"" wide by 4'7"" high</li></ul><p><em>Note: This listing is for visual reference. To order this design, simply write <strong>#088</strong> into your custom choice selection on our main order page.</em></p>",Mural Preview,Preview-Only,active,Title,Default Title,1,https://cdn.shopify.com/s/files/1/0885/6308/9442/files/088.jpg
mural-089,Mural #089,"<h3>Mural Specifications</h3><ul><li><strong>Total Tiles:</strong> 50 (Premium Matte Paper)</li><li><strong>Grid Layout:</strong> 10 wide x 5 high</li><li><strong>Physical Wall Size:</strong> 7'1"" wide by 4'7"" high</li></ul><p><em>Note: This listing is for visual reference. To order this design, simply write <strong>#089</strong> into your custom choice selection on our main order page.</em></p>",Mural Preview,Preview-Only,active,Title,Default Title,1,https://cdn.shopify.com/s/files/1/0885/6308/9442/files/089.jpg
mural-090,Mural #090,"<h3>Mural Specifications</h3><ul><li><strong>Total Tiles:</strong> 50 (Premium Matte Paper)</li><li><strong>Grid Layout:</strong> 10 wide x 5 high</li><li><strong>Physical Wall Size:</strong> 7'1"" wide by 4'7"" high</li></ul><p><em>Note: This listing is for visual reference. To order this design, simply write <strong>#090</strong> into your custom choice selection on our main order page.</em></p>",Mural Preview,Preview-Only,active,Title,Default Title,1,https://cdn.shopify.com/s/files/1/0885/6308/9442/files/090.jpg
mural-091,Mural #091,"<h3>Mural Specifications</h3><ul><li><strong>Total Tiles:</strong> 50 (Premium Matte Paper)</li><li><strong>Grid Layout:</strong> 10 wide x 5 high</li><li><strong>Physical Wall Size:</strong> 7'1"" wide by 4'7"" high</li></ul><p><em>Note: This listing is for visual reference. To order this design, simply write <strong>#091</strong> into your custom choice selection on our main order page.</em></p>",Mural Preview,Preview-Only,active,Title,Default Title,1,https://cdn.shopify.com/s/files/1/0885/6308/9442/files/091.jpg
mural-092,Mural #092,"<h3>Mural Specifications</h3><ul><li><strong>Total Tiles:</strong> 60 (Premium Matte Paper)</li><li><strong>Grid Layout:</strong> 12 wide x 5 high</li><li><strong>Physical Wall Size:</strong> 8'6"" wide by 4'7"" high</li></ul><p><em>Note: This listing is for visual reference. To order this design, simply write <strong>#092</strong> into your custom choice selection on our main order page.</em></p>",Mural Preview,Preview-Only,active,Title,Default Title,1,https://cdn.shopify.com/s/files/1/0885/6308/9442/files/092.jpg
mural-093,Mural #093,"<h3>Mural Specifications</h3><ul><li><strong>Total Tiles:</strong> 30 (Premium Matte Paper)</li><li><strong>Grid Layout:</strong> 6 wide x 5 high</li><li><strong>Physical Wall Size:</strong> 4'3"" wide by 4'7"" high</li></ul><p><em>Note: This listing is for visual reference. To order this design, simply write <strong>#093</strong> into your custom choice selection on our main order page.</em></p>",Mural Preview,Preview-Only,active,Title,Default Title,1,https://cdn.shopify.com/s/files/1/0885/6308/9442/files/093.jpg
mural-094,Mural #094,"<h3>Mural Specifications</h3><ul><li><strong>Total Tiles:</strong> 50 (Premium Matte Paper)</li><li><strong>Grid Layout:</strong> 10 wide x 5 high</li><li><strong>Physical Wall Size:</strong> 7'1"" wide by 4'7"" high</li></ul><p><em>Note: This listing is for visual reference. To order this design, simply write <strong>#094</strong> into your custom choice selection on our main order page.</em></p>",Mural Preview,Preview-Only,active,Title,Default Title,1,https://cdn.shopify.com/s/files/1/0885/6308/9442/files/094.jpg
mural-095,Mural #095,"<h3>Mural Specifications</h3><ul><li><strong>Total Tiles:</strong> 50 (Premium Matte Paper)</li><li><strong>Grid Layout:</strong> 10 wide x 5 high</li><li><strong>Physical Wall Size:</strong> 7'1"" wide by 4'7"" high</li></ul><p><em>Note: This listing is for visual reference. To order this design, simply write <strong>#095</strong> into your custom choice selection on our main order page.</em></p>",Mural Preview,Preview-Only,active,Title,Default Title,1,https://cdn.shopify.com/s/files/1/0885/6308/9442/files/095.jpg
mural-096,Mural #096,"<h3>Mural Specifications</h3><ul><li><strong>Total Tiles:</strong> 50 (Premium Matte Paper)</li><li><strong>Grid Layout:</strong> 10 wide x 5 high</li><li><strong>Physical Wall Size:</strong> 7'1"" wide by 4'7"" high</li></ul><p><em>Note: This listing is for visual reference. To order this design, simply write <strong>#096</strong> into your custom choice selection on our main order page.</em></p>",Mural Preview,Preview-Only,active,Title,Default Title,1,https://cdn.shopify.com/s/files/1/0885/6308/9442/files/096.jpg
mural-097,Mural #097,"<h3>Mural Specifications</h3><ul><li><strong>Total Tiles:</strong> 50 (Premium Matte Paper)</li><li><strong>Grid Layout:</strong> 10 wide x 5 high</li><li><strong>Physical Wall Size:</strong> 7'1"" wide by 4'7"" high</li></ul><p><em>Note: This listing is for visual reference. To order this design, simply write <strong>#097</strong> into your custom choice selection on our main order page.</em></p>",Mural Preview,Preview-Only,active,Title,Default Title,1,https://cdn.shopify.com/s/files/1/0885/6308/9442/files/097.jpg
mural-098,Mural #098,"<h3>Mural Specifications</h3><ul><li><strong>Total Tiles:</strong> 30 (Premium Matte Paper)</li><li><strong>Grid Layout:</strong> 6 wide x 5 high</li><li><strong>Physical Wall Size:</strong> 4'3"" wide by 4'7"" high</li></ul><p><em>Note: This listing is for visual reference. To order this design, simply write <strong>#098</strong> into your custom choice selection on our main order page.</em></p>",Mural Preview,Preview-Only,active,Title,Default Title,1,https://cdn.shopify.com/s/files/1/0885/6308/9442/files/098.jpg
mural-099,Mural #099,"<h3>Mural Specifications</h3><ul><li><strong>Total Tiles:</strong> 60 (Premium Matte Paper)</li><li><strong>Grid Layout:</strong> 12 wide x 5 high</li><li><strong>Physical Wall Size:</strong> 8'6"" wide by 4'7"" high</li></ul><p><em>Note: This listing is for visual reference. To order this design, simply write <strong>#099</strong> into your custom choice selection on our main order page.</em></p>",Mural Preview,Preview-Only,active,Title,Default Title,1,https://cdn.shopify.com/s/files/1/0885/6308/9442/files/099.jpg
mural-100,Mural #100,"<h3>Mural Specifications</h3><ul><li><strong>Total Tiles:</strong> 50 (Premium Matte Paper)</li><li><strong>Grid Layout:</strong> 10 wide x 5 high</li><li><strong>Physical Wall Size:</strong> 7'1"" wide by 4'7"" high</li></ul><p><em>Note: This listing is for visual reference. To order this design, simply write <strong>#100</strong> into your custom choice selection on our main order page.</em></p>",Mural Preview,Preview-Only,active,Title,Default Title,1,https://cdn.shopify.com/s/files/1/0885/6308/9442/files/100.jpg
mural-101,Mural #101,"<h3>Mural Specifications</h3><ul><li><strong>Total Tiles:</strong> 50 (Premium Matte Paper)</li><li><strong>Grid Layout:</strong> 10 wide x 5 high</li><li><strong>Physical Wall Size:</strong> 7'1"" wide by 4'7"" high</li></ul><p><em>Note: This listing is for visual reference. To order this design, simply write <strong>#101</strong> into your custom choice selection on our main order page.</em></p>",Mural Preview,Preview-Only,active,Title,Default Title,1,https://cdn.shopify.com/s/files/1/0885/6308/9442/files/101.jpg
mural-102,Mural #102,"<h3>Mural Specifications</h3><ul><li><strong>Total Tiles:</strong> 50 (Premium Matte Paper)</li><li><strong>Grid Layout:</strong> 10 wide x 5 high</li><li><strong>Physical Wall Size:</strong> 7'1"" wide by 4'7"" high</li></ul><p><em>Note: This listing is for visual reference. To order this design, simply write <strong>#102</strong> into your custom choice selection on our main order page.</em></p>",Mural Preview,Preview-Only,active,Title,Default Title,1,https://cdn.shopify.com/s/files/1/0885/6308/9442/files/102.jpg
mural-103,Mural #103,"<h3>Mural Specifications</h3><ul><li><strong>Total Tiles:</strong> 50 (Premium Matte Paper)</li><li><strong>Grid Layout:</strong> 10 wide x 5 high</li><li><strong>Physical Wall Size:</strong> 7'1"" wide by 4'7"" high</li></ul><p><em>Note: This listing is for visual reference. To order this design, simply write <strong>#103</strong> into your custom choice selection on our main order page.</em></p>",Mural Preview,Preview-Only,active,Title,Default Title,1,https://cdn.shopify.com/s/files/1/0885/6308/9442/files/103.jpg
mural-104,Mural #104,"<h3>Mural Specifications</h3><ul><li><strong>Total Tiles:</strong> 60 (Premium Matte Paper)</li><li><strong>Grid Layout:</strong> 12 wide x 5 high</li><li><strong>Physical Wall Size:</strong> 8'6"" wide by 4'7"" high</li></ul><p><em>Note: This listing is for visual reference. To order this design, simply write <strong>#104</strong> into your custom choice selection on our main order page.</em></p>",Mural Preview,Preview-Only,active,Title,Default Title,1,https://cdn.shopify.com/s/files/1/0885/6308/9442/files/104.jpg
mural-105,Mural #105,"<h3>Mural Specifications</h3><ul><li><strong>Total Tiles:</strong> 50 (Premium Matte Paper)</li><li><strong>Grid Layout:</strong> 10 wide x 5 high</li><li><strong>Physical Wall Size:</strong> 7'1"" wide by 4'7"" high</li></ul><p><em>Note: This listing is for visual reference. To order this design, simply write <strong>#105</strong> into your custom choice selection on our main order page.</em></p>",Mural Preview,Preview-Only,active,Title,Default Title,1,https://cdn.shopify.com/s/files/1/0885/6308/9442/files/105.jpg
mural-106,Mural #106,"<h3>Mural Specifications</h3><ul><li><strong>Total Tiles:</strong> 20 (Premium Matte Paper)</li><li><strong>Grid Layout:</strong> 4 wide x 5 high</li><li><strong>Physical Wall Size:</strong> 2'10"" wide by 4'7"" high</li></ul><p><em>Note: This listing is for visual reference. To order this design, simply write <strong>#106</strong> into your custom choice selection on our main order page.</em></p>",Mural Preview,Preview-Only,active,Title,Default Title,1,https://cdn.shopify.com/s/files/1/0885/6308/9442/files/106.jpg
mural-107,Mural #107,"<h3>Mural Specifications</h3><ul><li><strong>Total Tiles:</strong> 50 (Premium Matte Paper)</li><li><strong>Grid Layout:</strong> 10 wide x 5 high</li><li><strong>Physical Wall Size:</strong> 7'1"" wide by 4'7"" high</li></ul><p><em>Note: This listing is for visual reference. To order this design, simply write <strong>#107</strong> into your custom choice selection on our main order page.</em></p>",Mural Preview,Preview-Only,active,Title,Default Title,1,https://cdn.shopify.com/s/files/1/0885/6308/9442/files/107.jpg
mural-108,Mural #108,"<h3>Mural Specifications</h3><ul><li><strong>Total Tiles:</strong> 50 (Premium Matte Paper)</li><li><strong>Grid Layout:</strong> 10 wide x 5 high</li><li><strong>Physical Wall Size:</strong> 7'1"" wide by 4'7"" high</li></ul><p><em>Note: This listing is for visual reference. To order this design, simply write <strong>#108</strong> into your custom choice selection on our main order page.</em></p>",Mural Preview,Preview-Only,active,Title,Default Title,1,https://cdn.shopify.com/s/files/1/0885/6308/9442/files/108.jpg
mural-109,Mural #109,"<h3>Mural Specifications</h3><ul><li><strong>Total Tiles:</strong> 50 (Premium Matte Paper)</li><li><strong>Grid Layout:</strong> 10 wide x 5 high</li><li><strong>Physical Wall Size:</strong> 7'1"" wide by 4'7"" high</li></ul><p><em>Note: This listing is for visual reference. To order this design, simply write <strong>#109</strong> into your custom choice selection on our main order page.</em></p>",Mural Preview,Preview-Only,active,Title,Default Title,1,https://cdn.shopify.com/s/files/1/0885/6308/9442/files/109.jpg
mural-110,Mural #110,"<h3>Mural Specifications</h3><ul><li><strong>Total Tiles:</strong> 50 (Premium Matte Paper)</li><li><strong>Grid Layout:</strong> 10 wide x 5 high</li><li><strong>Physical Wall Size:</strong> 7'1"" wide by 4'7"" high</li></ul><p><em>Note: This listing is for visual reference. To order this design, simply write <strong>#110</strong> into your custom choice selection on our main order page.</em></p>",Mural Preview,Preview-Only,active,Title,Default Title,1,https://cdn.shopify.com/s/files/1/0885/6308/9442/files/110.jpg
mural-111,Mural #111,"<h3>Mural Specifications</h3><ul><li><strong>Total Tiles:</strong> 50 (Premium Matte Paper)</li><li><strong>Grid Layout:</strong> 10 wide x 5 high</li><li><strong>Physical Wall Size:</strong> 7'1"" wide by 4'7"" high</li></ul><p><em>Note: This listing is for visual reference. To order this design, simply write <strong>#111</strong> into your custom choice selection on our main order page.</em></p>",Mural Preview,Preview-Only,active,Title,Default Title,1,https://cdn.shopify.com/s/files/1/0885/6308/9442/files/111.jpg
mural-112,Mural #112,"<h3>Mural Specifications</h3><ul><li><strong>Total Tiles:</strong> 20 (Premium Matte Paper)</li><li><strong>Grid Layout:</strong> 4 wide x 5 high</li><li><strong>Physical Wall Size:</strong> 2'10"" wide by 4'7"" high</li></ul><p><em>Note: This listing is for visual reference. To order this design, simply write <strong>#112</strong> into your custom choice selection on our main order page.</em></p>",Mural Preview,Preview-Only,active,Title,Default Title,1,https://cdn.shopify.com/s/files/1/0885/6308/9442/files/112.jpg
mural-113,Mural #113,"<h3>Mural Specifications</h3><ul><li><strong>Total Tiles:</strong> 25 (Premium Matte Paper)</li><li><strong>Grid Layout:</strong> 5 wide x 5 high</li><li><strong>Physical Wall Size:</strong> 3'6"" wide by 4'7"" high</li></ul><p><em>Note: This listing is for visual reference. To order this design, simply write <strong>#113</strong> into your custom choice selection on our main order page.</em></p>",Mural Preview,Preview-Only,active,Title,Default Title,1,https://cdn.shopify.com/s/files/1/0885/6308/9442/files/113.jpg
mural-114,Mural #114,"<h3>Mural Specifications</h3><ul><li><strong>Total Tiles:</strong> 50 (Premium Matte Paper)</li><li><strong>Grid Layout:</strong> 10 wide x 5 high</li><li><strong>Physical Wall Size:</strong> 7'1"" wide by 4'7"" high</li></ul><p><em>Note: This listing is for visual reference. To order this design, simply write <strong>#114</strong> into your custom choice selection on our main order page.</em></p>",Mural Preview,Preview-Only,active,Title,Default Title,1,https://cdn.shopify.com/s/files/1/0885/6308/9442/files/114.jpg
mural-115,Mural #115,"<h3>Mural Specifications</h3><ul><li><strong>Total Tiles:</strong> 20 (Premium Matte Paper)</li><li><strong>Grid Layout:</strong> 4 wide x 5 high</li><li><strong>Physical Wall Size:</strong> 2'10"" wide by 4'7"" high</li></ul><p><em>Note: This listing is for visual reference. To order this design, simply write <strong>#115</strong> into your custom choice selection on our main order page.</em></p>",Mural Preview,Preview-Only,active,Title,Default Title,1,https://cdn.shopify.com/s/files/1/0885/6308/9442/files/115.jpg
mural-116,Mural #116,"<h3>Mural Specifications</h3><ul><li><strong>Total Tiles:</strong> 50 (Premium Matte Paper)</li><li><strong>Grid Layout:</strong> 10 wide x 5 high</li><li><strong>Physical Wall Size:</strong> 7'1"" wide by 4'7"" high</li></ul><p><em>Note: This listing is for visual reference. To order this design, simply write <strong>#116</strong> into your custom choice selection on our main order page.</em></p>",Mural Preview,Preview-Only,active,Title,Default Title,1,https://cdn.shopify.com/s/files/1/0885/6308/9442/files/116.jpg
mural-117,Mural #117,"<h3>Mural Specifications</h3><ul><li><strong>Total Tiles:</strong> 40 (Premium Matte Paper)</li><li><strong>Grid Layout:</strong> 8 wide x 5 high</li><li><strong>Physical Wall Size:</strong> 5'8"" wide by 4'7"" high</li></ul><p><em>Note: This listing is for visual reference. To order this design, simply write <strong>#117</strong> into your custom choice selection on our main order page.</em></p>",Mural Preview,Preview-Only,active,Title,Default Title,1,https://cdn.shopify.com/s/files/1/0885/6308/9442/files/117.jpg
mural-118,Mural #118,"<h3>Mural Specifications</h3><ul><li><strong>Total Tiles:</strong> 50 (Premium Matte Paper)</li><li><strong>Grid Layout:</strong> 10 wide x 5 high</li><li><strong>Physical Wall Size:</strong> 7'1"" wide by 4'7"" high</li></ul><p><em>Note: This listing is for visual reference. To order this design, simply write <strong>#118</strong> into your custom choice selection on our main order page.</em></p>",Mural Preview,Preview-Only,active,Title,Default Title,1,https://cdn.shopify.com/s/files/1/0885/6308/9442/files/118.jpg
mural-119,Mural #119,"<h3>Mural Specifications</h3><ul><li><strong>Total Tiles:</strong> 100 (Premium Matte Paper)</li><li><strong>Grid Layout:</strong> 20 wide x 5 high</li><li><strong>Physical Wall Size:</strong> 14'2"" wide by 4'7"" high</li></ul><p><em>Note: This listing is for visual reference. To order this design, simply write <strong>#119</strong> into your custom choice selection on our main order page.</em></p>",Mural Preview,Preview-Only,active,Title,Default Title,1,https://cdn.shopify.com/s/files/1/0885/6308/9442/files/119.jpg
mural-120,Mural #120,"<h3>Mural Specifications</h3><ul><li><strong>Total Tiles:</strong> 20 (Premium Matte Paper)</li><li><strong>Grid Layout:</strong> 4 wide x 5 high</li><li><strong>Physical Wall Size:</strong> 2'10"" wide by 4'7"" high</li></ul><p><em>Note: This listing is for visual reference. To order this design, simply write <strong>#120</strong> into your custom choice selection on our main order page.</em></p>",Mural Preview,Preview-Only,active,Title,Default Title,1,https://cdn.shopify.com/s/files/1/0885/6308/9442/files/120.jpg
mural-121,Mural #121,"<h3>Mural Specifications</h3><ul><li><strong>Total Tiles:</strong> 25 (Premium Matte Paper)</li><li><strong>Grid Layout:</strong> 5 wide x 5 high</li><li><strong>Physical Wall Size:</strong> 3'6"" wide by 4'7"" high</li></ul><p><em>Note: This listing is for visual reference. To order this design, simply write <strong>#121</strong> into your custom choice selection on our main order page.</em></p>",Mural Preview,Preview-Only,active,Title,Default Title,1,https://cdn.shopify.com/s/files/1/0885/6308/9442/files/121.jpg
mural-122,Mural #122,"<h3>Mural Specifications</h3><ul><li><strong>Total Tiles:</strong> 20 (Premium Matte Paper)</li><li><strong>Grid Layout:</strong> 4 wide x 5 high</li><li><strong>Physical Wall Size:</strong> 2'10"" wide by 4'7"" high</li></ul><p><em>Note: This listing is for visual reference. To order this design, simply write <strong>#122</strong> into your custom choice selection on our main order page.</em></p>",Mural Preview,Preview-Only,active,Title,Default Title,1,https://cdn.shopify.com/s/files/1/0885/6308/9442/files/122.jpg
mural-123,Mural #123,"<h3>Mural Specifications</h3><ul><li><strong>Total Tiles:</strong> 60 (Premium Matte Paper)</li><li><strong>Grid Layout:</strong> 12 wide x 5 high</li><li><strong>Physical Wall Size:</strong> 8'6"" wide by 4'7"" high</li></ul><p><em>Note: This listing is for visual reference. To order this design, simply write <strong>#123</strong> into your custom choice selection on our main order page.</em></p>",Mural Preview,Preview-Only,active,Title,Default Title,1,https://cdn.shopify.com/s/files/1/0885/6308/9442/files/123.jpg
mural-124,Mural #124,"<h3>Mural Specifications</h3><ul><li><strong>Total Tiles:</strong> 20 (Premium Matte Paper)</li><li><strong>Grid Layout:</strong> 4 wide x 5 high</li><li><strong>Physical Wall Size:</strong> 2'10"" wide by 4'7"" high</li></ul><p><em>Note: This listing is for visual reference. To order this design, simply write <strong>#124</strong> into your custom choice selection on our main order page.</em></p>",Mural Preview,Preview-Only,active,Title,Default Title,1,https://cdn.shopify.com/s/files/1/0885/6308/9442/files/124.jpg
mural-125,Mural #125,"<h3>Mural Specifications</h3><ul><li><strong>Total Tiles:</strong> 45 (Premium Matte Paper)</li><li><strong>Grid Layout:</strong> 9 wide x 5 high</li><li><strong>Physical Wall Size:</strong> 6'4"" wide by 4'7"" high</li></ul><p><em>Note: This listing is for visual reference. To order this design, simply write <strong>#125</strong> into your custom choice selection on our main order page.</em></p>",Mural Preview,Preview-Only,active,Title,Default Title,1,https://cdn.shopify.com/s/files/1/0885/6308/9442/files/125.jpg
mural-126,Mural #126,"<h3>Mural Specifications</h3><ul><li><strong>Total Tiles:</strong> 35 (Premium Matte Paper)</li><li><strong>Grid Layout:</strong> 7 wide x 5 high</li><li><strong>Physical Wall Size:</strong> 4'11"" wide by 4'7"" high</li></ul><p><em>Note: This listing is for visual reference. To order this design, simply write <strong>#126</strong> into your custom choice selection on our main order page.</em></p>",Mural Preview,Preview-Only,active,Title,Default Title,1,https://cdn.shopify.com/s/files/1/0885/6308/9442/files/126.jpg
mural-127,Mural #127,"<h3>Mural Specifications</h3><ul><li><strong>Total Tiles:</strong> 65 (Premium Matte Paper)</li><li><strong>Grid Layout:</strong> 13 wide x 5 high</li><li><strong>Physical Wall Size:</strong> 9'2"" wide by 4'7"" high</li></ul><p><em>Note: This listing is for visual reference. To order this design, simply write <strong>#127</strong> into your custom choice selection on our main order page.</em></p>",Mural Preview,Preview-Only,active,Title,Default Title,1,https://cdn.shopify.com/s/files/1/0885/6308/9442/files/127.jpg
mural-128,Mural #128,"<h3>Mural Specifications</h3><ul><li><strong>Total Tiles:</strong> 50 (Premium Matte Paper)</li><li><strong>Grid Layout:</strong> 10 wide x 5 high</li><li><strong>Physical Wall Size:</strong> 7'1"" wide by 4'7"" high</li></ul><p><em>Note: This listing is for visual reference. To order this design, simply write <strong>#128</strong> into your custom choice selection on our main order page.</em></p>",Mural Preview,Preview-Only,active,Title,Default Title,1,https://cdn.shopify.com/s/files/1/0885/6308/9442/files/128.jpg
mural-129,Mural #129,"<h3>Mural Specifications</h3><ul><li><strong>Total Tiles:</strong> 40 (Premium Matte Paper)</li><li><strong>Grid Layout:</strong> 8 wide x 5 high</li><li><strong>Physical Wall Size:</strong> 5'8"" wide by 4'7"" high</li></ul><p><em>Note: This listing is for visual reference. To order this design, simply write <strong>#129</strong> into your custom choice selection on our main order page.</em></p>",Mural Preview,Preview-Only,active,Title,Default Title,1,https://cdn.shopify.com/s/files/1/0885/6308/9442/files/129.jpg
mural-130,Mural #130,"<h3>Mural Specifications</h3><ul><li><strong>Total Tiles:</strong> 70 (Premium Matte Paper)</li><li><strong>Grid Layout:</strong> 14 wide x 5 high</li><li><strong>Physical Wall Size:</strong> 9'11"" wide by 4'7"" high</li></ul><p><em>Note: This listing is for visual reference. To order this design, simply write <strong>#130</strong> into your custom choice selection on our main order page.</em></p>",Mural Preview,Preview-Only,active,Title,Default Title,1,https://cdn.shopify.com/s/files/1/0885/6308/9442/files/130.jpg
mural-131,Mural #131,"<h3>Mural Specifications</h3><ul><li><strong>Total Tiles:</strong> 50 (Premium Matte Paper)</li><li><strong>Grid Layout:</strong> 10 wide x 5 high</li><li><strong>Physical Wall Size:</strong> 7'1"" wide by 4'7"" high</li></ul><p><em>Note: This listing is for visual reference. To order this design, simply write <strong>#131</strong> into your custom choice selection on our main order page.</em></p>",Mural Preview,Preview-Only,active,Title,Default Title,1,https://cdn.shopify.com/s/files/1/0885/6308/9442/files/131.jpg
mural-132,Mural #132,"<h3>Mural Specifications</h3><ul><li><strong>Total Tiles:</strong> 45 (Premium Matte Paper)</li><li><strong>Grid Layout:</strong> 9 wide x 5 high</li><li><strong>Physical Wall Size:</strong> 6'4"" wide by 4'7"" high</li></ul><p><em>Note: This listing is for visual reference. To order this design, simply write <strong>#132</strong> into your custom choice selection on our main order page.</em></p>",Mural Preview,Preview-Only,active,Title,Default Title,1,https://cdn.shopify.com/s/files/1/0885/6308/9442/files/132.jpg
mural-133,Mural #133,"<h3>Mural Specifications</h3><ul><li><strong>Total Tiles:</strong> 25 (Premium Matte Paper)</li><li><strong>Grid Layout:</strong> 5 wide x 5 high</li><li><strong>Physical Wall Size:</strong> 3'6"" wide by 4'7"" high</li></ul><p><em>Note: This listing is for visual reference. To order this design, simply write <strong>#133</strong> into your custom choice selection on our main order page.</em></p>",Mural Preview,Preview-Only,active,Title,Default Title,1,https://cdn.shopify.com/s/files/1/0885/6308/9442/files/133.jpg
mural-134,Mural #134,"<h3>Mural Specifications</h3><ul><li><strong>Total Tiles:</strong> 60 (Premium Matte Paper)</li><li><strong>Grid Layout:</strong> 12 wide x 5 high</li><li><strong>Physical Wall Size:</strong> 8'6"" wide by 4'7"" high</li></ul><p><em>Note: This listing is for visual reference. To order this design, simply write <strong>#134</strong> into your custom choice selection on our main order page.</em></p>",Mural Preview,Preview-Only,active,Title,Default Title,1,https://cdn.shopify.com/s/files/1/0885/6308/9442/files/134.jpg
mural-135,Mural #135,"<h3>Mural Specifications</h3><ul><li><strong>Total Tiles:</strong> 20 (Premium Matte Paper)</li><li><strong>Grid Layout:</strong> 4 wide x 5 high</li><li><strong>Physical Wall Size:</strong> 2'10"" wide by 4'7"" high</li></ul><p><em>Note: This listing is for visual reference. To order this design, simply write <strong>#135</strong> into your custom choice selection on our main order page.</em></p>",Mural Preview,Preview-Only,active,Title,Default Title,1,https://cdn.shopify.com/s/files/1/0885/6308/9442/files/135.jpg
mural-136,Mural #136,"<h3>Mural Specifications</h3><ul><li><strong>Total Tiles:</strong> 50 (Premium Matte Paper)</li><li><strong>Grid Layout:</strong> 10 wide x 5 high</li><li><strong>Physical Wall Size:</strong> 7'1"" wide by 4'7"" high</li></ul><p><em>Note: This listing is for visual reference. To order this design, simply write <strong>#136</strong> into your custom choice selection on our main order page.</em></p>",Mural Preview,Preview-Only,active,Title,Default Title,1,https://cdn.shopify.com/s/files/1/0885/6308/9442/files/136.jpg
mural-137,Mural #137,"<h3>Mural Specifications</h3><ul><li><strong>Total Tiles:</strong> 60 (Premium Matte Paper)</li><li><strong>Grid Layout:</strong> 12 wide x 5 high</li><li><strong>Physical Wall Size:</strong> 8'6"" wide by 4'7"" high</li></ul><p><em>Note: This listing is for visual reference. To order this design, simply write <strong>#137</strong> into your custom choice selection on our main order page.</em></p>",Mural Preview,Preview-Only,active,Title,Default Title,1,https://cdn.shopify.com/s/files/1/0885/6308/9442/files/137.jpg
mural-138,Mural #138,"<h3>Mural Specifications</h3><ul><li><strong>Total Tiles:</strong> 50 (Premium Matte Paper)</li><li><strong>Grid Layout:</strong> 10 wide x 5 high</li><li><strong>Physical Wall Size:</strong> 7'1"" wide by 4'7"" high</li></ul><p><em>Note: This listing is for visual reference. To order this design, simply write <strong>#138</strong> into your custom choice selection on our main order page.</em></p>",Mural Preview,Preview-Only,active,Title,Default Title,1,https://cdn.shopify.com/s/files/1/0885/6308/9442/files/138.jpg
